Nom,Niveau
Bogisich Inc,9
Mante,5
Gottlieb-Kub,8
Bechtelar,9
Mosciski LLC,3
Zemlak,5
Effertz,4
Bednar-Bosco,2
Gleason,2
Hackett-Hayes,1
Rempel-Schulist,1
Sawayn,4
Auer LLC,4
Spencer Group,10
Padberg,10
Gutkowski4
Murazik Inc,1
Harber-Grimes,1
Wisoky Inc,8
Stokes-Wisozk,3
Nitzsche Group,2
Gaylord,3
Lockman Group,7
Boehm Inc,1
Ward LLC,9
Spinka-Beatty,8
Miller Group,9
Bergnaum-Ryan,8
Bailey LLC,2
Abernathy LLC,6
Rau,1
VonRueden,10
Schroeder-Jacobi,1
Romaguera-Witting,3
Batz-Smith,4
McKenzie Inc,3
Rice,6
Farrell-Daugherty,4
Hansen and Sons,6
Little-Wunsch,4
Heidenreich Group,5
Schimmel-Little,3
Heidenreich-Abshire,3
Schaden-Wilkinson,4
O'Keefe Inc,5
Batz and Sons,10
Runolfsson and Sons,2
Legros,3
Mayert,2
Kris and Sons,3
